,agankolbi,admin1,Qolbi,+820000001,Bandung,1
,fakhry,admin2,Fakhry,+820000002,Bandung,1
,icabane2,eP0jhZIxER,Iggie Cabane,+62 965 856 1193,938 Tony Junction,0
,gklimkiewich3,fz166r,Gale Klimkiewich,+86 349 571 2139,25911 Homewood Terrace,0
,jpye4,i2ZKPvIwrI,Jackelyn Pye,+86 332 659 9796,20679 Monica Trail,0
,dmarner5,cNjc5yiRRJ69,Donaugh Marner,+49 519 129 2096,4 Paget Plaza,0
,ijowitt6,FFf5aVe6WxTA,Ingra Jowitt,+66 612 950 5256,6454 Longview Crossing,0
,nguthrie7,WM7sKFL,Neill Guthrie,+55 557 586 5519,4 Pine View Crossing,0
,abreinlein8,ULckxOAXgga,Abra Breinlein,+33 495 255 1293,27798 Walton Park,0
,ahuntly9,4IhHrquyp,Alon Huntly,+52 903 758 3081,3421 Walton Street,0
,rissacova,YTW41WVkAL8,Riannon Issacov,+55 423 155 9697,7 Hazelcrest Lane,0
,fdavidovitzb,vGXq2mv,Frank Davidovitz,+86 267 107 3500,92 Ohio Pass,0
,tobertc,OW2eyQ15jhr4,Tiffi Obert,+351 524 152 9100,12 Golf View Place,0
,gsiveterd,tMj3mV4uNO1,Geraldine Siveter,+86 855 537 1558,484 Helena Pass,0
,lshevlanee,wBK9fl,Lari Shevlane,+265 924 609 2155,5292 Cardinal Parkway,0
,lbanisterf,sDxXG94,Lucais Banister,+86 539 248 6092,186 Farmco Street,0
,tgocherg,dKiSoLhDe2u,Tracy Gocher,+63 741 916 2568,28231 Delaware Plaza,0
,uswatradgeh,GWL1nkiye,Udall Swatradge,+55 282 628 0258,2729 Heffernan Circle,0
,ifalcusi,YYEMksjR,Ilsa Falcus,+48 762 991 5031,20870 Mendota Place,0
,ccrewsj,CffCyRnXmR,Cristi Crews,+62 633 408 3853,525 Glacier Hill Point,0
,mramsbottomk,Un35j2R,Marshall Ramsbottom,+30 676 143 7375,01 Texas Park,0
,zorringel,ebqbjXXz,Zed Orringe,+62 519 697 0009,439 Service Street,0
,briccionem,S89eGhU85w5x,Bale Riccione,+86 343 202 6948,8 Orin Circle,0
,apirdyn,ph8Q89Nv3yR,Annabella Pirdy,+7 915 245 9613,753 Kinsman Drive,0
,gphizackerlyo,5qXP9zUtTjY,Graig Phizackerly,+48 455 321 1259,0 Hansons Hill,0
,mspiveyp,Yb3UVs,Maury Spivey,+7 902 798 1872,603 Daystar Crossing,0
,pmeiningenq,mcUg4L,Price Meiningen,+86 400 411 6962,01 Elmside Place,0
,cdallynr,bORuXaDZPbSp,Cody Dallyn,+86 515 762 8631,72 Dennis Center,0
,tellwells,fq6oEW63OhxU,Talya Ellwell,+7 156 609 5986,09820 Westridge Hill,0
,aruburyt,aiSR18,Audi Rubury,+86 871 152 3363,89 Birchwood Drive,0
,bhelixu,gq1Y9qW,Brynna Helix,+82 323 112 4135,82 Clemons Court,0
,jpockv,Rkelz8,Jerry Pock,+251 726 575 0652,27131 Schurz Terrace,0
,dgrosierw,2Te9koxuCG,Dinah Grosier,+55 369 324 2088,89 Marcy Pass,0
,hrandalx,ylQQ6kZiX,Hamel Randal,+53 247 934 8630,40468 Dryden Way,0
,sdashwoody,R7ZDiuB5K9p,Scarlet Dashwood,+1 973 769 9981,088 Roxbury Circle,0
,mwattonz,mGeQ40,Mellie Watton,+86 977 554 4651,117 Southridge Way,0
,mgoodlett10,PxGscg3,Maxy Goodlett,+63 751 158 7806,064 Kim Park,0
,lminards11,BPbjMrUzwP,Lane Minards,+212 169 674 2051,69 Mosinee Plaza,0
,chouliston12,52gPLubt9,Colleen Houliston,+62 968 310 2570,1612 8th Terrace,0
,gcornejo13,sgl8Fsm9Op,Garvin Cornejo,+63 865 648 5302,41405 Pawling Alley,0
,sculpan14,Hv4GcoR,Shannon Culpan,+86 596 392 3992,69 Dayton Lane,0
,ejohnke15,u5FgTFdSyf,Estrellita Johnke,+421 122 172 4318,332 Marquette Hill,0
,cdewett16,79QwuQW,Creigh Dewett,+254 941 344 4664,5315 Hayes Terrace,0
,ofettiplace17,mDTMIF,Othilie Fettiplace,+420 671 618 3229,2266 Mayer Circle,0
,ajodrelle18,Fh2biH7e,Arvin Jodrelle,+62 823 764 6207,9 Erie Road,0
,cskudder19,oa42EFiM5LE,Clary Skudder,+7 302 655 8658,9385 Atwood Pass,0
,mspeerman1a,bgwf5xmIh,Marylynne Speerman,+63 379 929 7797,02 Grover Plaza,0
,dcutforth1b,RmIclZ5FNW,Delano Cutforth,+7 776 488 2609,762 Muir Pass,0
,mperkinson1c,JRdLNOv,Melody Perkinson,+380 336 898 0541,12 Arkansas Junction,0
,eblanc1d,0nXmG8xW3,Enrichetta Blanc,+995 619 314 2800,9 Oneill Center,0
